[
  {
    "id": "1",
    "title": "成都旅游完全指南",
    "content": "成都，这座被誉为\"天府之国\"的城市，以其悠闲的生活节奏、丰富的美食文化和深厚的历史底蕴吸引着无数游客。\n\n## 必游景点\n\n### 1. 宽窄巷子\n宽窄巷子是成都现存较成规模的清朝古街道，由宽巷子、窄巷子、井巷子平行排列组成。这里是感受成都慢生活的最佳去处。\n\n### 2. 锦里古街\n锦里是西蜀历史上最古老、最具商业气息的街道之一，被誉为\"西蜀第一街\"。\n\n### 3. 大熊猫繁育研究基地\n这里是观赏可爱大熊猫的最佳地点，也是了解大熊猫保护工作的重要场所。\n\n## 美食推荐\n\n### 火锅\n成都火锅以麻辣鲜香著称，推荐老火锅店如海底捞、小龙坎等。\n\n### 串串香\n街头巷尾的串串香是成都人的最爱，价格实惠，味道正宗。\n\n### 担担面\n成都的担担面口感独特，是不可错过的地方小吃。\n\n## 交通指南\n\n成都拥有便利的地铁系统，覆盖市区主要景点。建议购买天府通卡，方便乘坐地铁和公交。\n\n## 住宿建议\n\n推荐住在春熙路、太古里附近，交通便利，购物餐饮选择丰富。",
    "excerpt": "探索成都的魅力，从美食到文化，从古迹到现代都市生活，这份完整指南将带你深度体验天府之国的独特魅力。",
    "featured_image": "https://images.unsplash.com/photo-1578662996442-48f60103fc96?w=800&h=400&fit=crop",
    "category": "旅游攻略",
    "tags": ["成都", "旅游", "攻略", "美食", "景点"],
    "status": "published",
    "views_count": 1250,
    "likes_count": 89,
    "author": "admin",
    "created_at": "2024-01-15T10:30:00Z",
    "updated_at": "2024-01-15T10:30:00Z",
    "published_at": "2024-01-15T10:30:00Z"
  },
  {
    "id": "2",
    "title": "川菜美食探索之旅",
    "content": "川菜作为中国八大菜系之一，以其麻辣鲜香的独特风味闻名于世。在成都，你可以品尝到最正宗的川菜。\n\n## 川菜特色\n\n### 麻辣风味\n川菜的精髓在于\"麻\"和\"辣\"的完美结合，花椒的麻和辣椒的辣相得益彰。\n\n### 调味丰富\n川菜有\"一菜一格，百菜百味\"的美誉，调味方法多样，口味层次丰富。\n\n## 必尝菜品\n\n### 1. 麻婆豆腐\n这道菜以其麻、辣、烫、鲜、嫩、香的特点而闻名。\n\n### 2. 宫保鸡丁\n酸甜微辣，鸡肉嫩滑，花生米香脆。\n\n### 3. 水煮鱼\n鱼肉鲜嫩，汤汁麻辣，是川菜的代表作之一。\n\n### 4. 回锅肉\n肥而不腻，香辣下饭，是川菜中的经典家常菜。\n\n## 推荐餐厅\n\n### 老字号餐厅\n- 陈麻婆豆腐：正宗麻婆豆腐的发源地\n- 夫妻肺片总店：品尝正宗夫妻肺片\n\n### 现代川菜\n- 玉芝兰：米其林星级川菜餐厅\n- 马旺子：创新川菜的代表\n\n## 用餐贴士\n\n1. 川菜偏辣，不能吃辣的朋友可以要求少辣或不辣\n2. 建议搭配米饭或面条，可以缓解辣味\n3. 餐后可以喝些茶水或酸奶，有助消化",
    "excerpt": "深入了解川菜文化，品味正宗成都美食，从经典菜品到推荐餐厅，带你开启一场味蕾的盛宴。",
    "featured_image": "https://images.unsplash.com/photo-1582878826629-29b7ad1cdc43?w=800&h=400&fit=crop",
    "category": "美食体验",
    "tags": ["川菜", "美食", "成都", "火锅", "麻辣"],
    "status": "published",
    "views_count": 980,
    "likes_count": 67,
    "author": "admin",
    "created_at": "2024-01-20T14:15:00Z",
    "updated_at": "2024-01-20T14:15:00Z",
    "published_at": "2024-01-20T14:15:00Z"
  },
  {
    "id": "3",
    "title": "宽窄巷子文化漫步",
    "content": "宽窄巷子是成都现存较成规模的清朝古街道，由宽巷子、窄巷子、井巷子平行排列组成，是成都遗留下来的较成规模的清朝古街道。\n\n## 历史背景\n\n宽窄巷子始建于康熙五十七年（1718年），是成都市三大历史文化保