[
  {
    "id": "1761097260479-4xc0lv0n6",
    "pageUrl": "/",
    "pageTitle": "探索成都，发现美好",
    "referrer": "",
    "sessionId": "session_1761016254926_mee5somki",
    "timestamp": "2025-10-22T01:41:00.479Z",
    "userAgent": "Mozilla/5.0 (Windows NT 10.0; Win64; x64) AppleWebKit/537.36 (KHTML, like Gecko) Trae/1.100.3 Chrome/132.0.6834.210 Electron/34.5.1 Safari/537.36"
  },
  {
    "id": "1761098031490-ig4jt0xoo",
    "pageUrl": "/",
    "pageTitle": "探索成都，发现美好",
    "referrer": "",
    "sessionId": "session_1761016254926_mee5somki",
    "timestamp": "2025-10-22T01:53:51.491Z",
    "userAgent": "Mozilla/5.0 (Windows NT 10.0; Win64; x64) AppleWebKit/537.36 (KHTML, like Gecko) Trae/1.100.3 Chrome/132.0.6834.210 Electron/34.5.1 Safari/537.36"
  },
  {
    "id": "1761111801209-u3jfbgvgx",
    "pageUrl": "/",
    "pageTitle": "探索成都，发现美好",
    "referrer": "http://localhost:3000/?ide_webview_request_time=1761098031014",
    "sessionId": "session_1761111800950_x2w1ec5vu",
    "timestamp": "2025-10-22T05:43:21.209Z",
    "userAgent": "Mozilla/5.0 (Windows NT 10.0; Win64; x64) AppleWebKit/537.36 (KHTML, like Gecko) Trae/1.100.3 Chrome/132.0.6834.210 Electron/34.5.1 Safari/537.36"
  },
  {
    "id": "1761111804565-p013lkw62",
    "pageUrl": "/blog",
    "pageTitle": "旅行博客",
    "referrer": "http://localhost:3000/?ide_webview_request_time=1761098031014",
    "sessionId": "session_1761111800950_x2w1ec5vu",
    "timestamp": "2025-10-22T05:43:24.566Z",
    "userAgent": "Mozilla/5.0 (Windows NT 10.0; Win64; x64) AppleWebKit/537.36 (KHTML, like Gecko) Trae/1.100.3 Chrome/132.0.6834.210 Electron/34.5.1 Safari/537.36"
  },
  {
    "id": "1761123008841-zn97ico27",
    "pageUrl": "/blog",
    "pageTitle": "旅行博客",
    "referrer": "",
    "sessionId": "session_1761111800950_x2w1ec5vu",
    "timestamp": "2025-10-22T08:50:08.841Z",
    "userAgent": "Mozilla/5.0 (Windows NT 10.0; Win64; x64) AppleWebKit/537.36 (KHTML, like Gecko) Trae/1.100.3 Chrome/132.0.6834.210 Electron/34.5.1 Safari/537.36"
  },
  {
    "id": "1761124171530-haiwsiwgf",
    "pageUrl": "/blog",
    "pageTitle": "旅行博客",
    "referrer": "",
    "sessionId": "session_1761111800950_x2w1ec5vu",
    "timestamp": "2025-10-22T09:09:31.530Z",
    "userAgent": "Mozilla/5.0 (Windows NT 10.0; Win64; x64) AppleWebKit/537.36 (KHTML, like Gecko) Trae/1.100.3 Chrome/132.0.6834.210 Electron/34.5.1 Safari/537.36"
  },
  {
    "id": "1761124270450-yw6biccm0",
    "pageUrl": "/blog",
    "pageTitle": "Travel Blog",
    "referrer": "",
    "sessionId": "session_1761111800950_x2w1ec5vu",
    "timestamp": "2025-10-22T09:11:10.450Z",
    "userAgent": "Mozilla/5.0 (Windows NT 10.0; Win64; x64) AppleWebKit/537.36 (KHTML, like Gecko) Trae/1.100.3 Chrome/132.0.6834.210 Electron/34.5.1 Safari/537.36"
  },
  {
    "id": "1761124477189-qcmbpxvip",
    "pageUrl": "/blog",
    "pageTitle": "旅行博客",
    "referrer": "",
    "sessionId": "session_1761111800950_x2w1ec5vu",
    "timestamp": "2025-10-22T09:14:37.189Z",
    "userAgent": "Mozilla/5.0 (Windows NT 10.0; Win64; x64) AppleWebKit/537.36 (KHTML, like Gecko) Trae/1.100.3 Chrome/132.0.6834.210 Electron/34.5.1 Safari/537.36"
  },
  {
    "id": "1761124635173-6uqvyf7bg",
    "pageUrl": "/videos",
    "pageTitle": "视频展示",
    "referrer": "",
    "sessionId": "session_1761111800950_x2w1ec5vu",
    "timestamp": "2025-10-22T09:17:15.173Z",
    "userAgent": "Mozilla/5.0 (Windows NT 10.0; Win64; x64) AppleWebKit/537.36 (KHTML, like Gecko) Trae/1.100.3 Chrome/132.0.6834.210 Electron/34.5.1 Safari/537.36"
  },
  {
    "id": "1761124656675-b8hgv7oxo",
    "pageUrl": "/videos",
    "pageTitle": "视频展示",
    "referrer": "",
    "sessionId": "session_1761111800950_x2w1ec5vu",
    "timestamp": "2025-10-22T09:17:36.675Z",
    "userAgent": "Mozilla/5.0 (Windows NT 10.0; Win64; x64) AppleWebKit/537.36 (KHTML, like Gecko) Trae/1.100.3 Chrome/132.0.6834.210 Electron/34.5.1 Safari/537.36"
  },
  {
    "id": "1761124674251-xb5yagcq2",
    "pageUrl": "/blog",
    "pageTitle": "旅行博客",
    "referrer": "",
    "sessionId": "session_1761111800950_x2w1ec5vu",
    "timestamp": "2025-10-22T09:17:54.251Z",
    "userAgent": "Mozilla/5.0 (Windows NT 10.0; Win64; x64) AppleWebKit/537.36 (KHTML, like Gecko) Trae/1.100.3 Chrome/132.0.6834.210 Electron/34.5.1 Safari/537.36"
  },
  {
    "id": "1761124680711-iv91wmnnq",
    "pageUrl": "/blog/1760603150491",
    "pageTitle": "blog.detail.title - 成都漆器：古老工艺的现代传承",
    "referrer": "",
    "sessionId": "session_1761111800950_x2w1ec5vu",
    "timestamp": "2025-10-22T09:18:00.711Z",
    "userAgent": "Mozilla/5.0 (Windows NT 10.0; Win64; x64) AppleWebKit/537.36 (KHTML, like Gecko) Trae/1.100.3 Chrome/132.0.6834.210 Electron/34.5.1 Safari/537.36"
  },
  {
    "id": "1761124821200-aw5wtytku",
    "pageUrl": "/blog",
    "pageTitle": "旅行博客",
    "referrer": "",
    "sessionId": "session_1761111800950_x2w1ec5vu",
    "timestamp": "2025-10-22T09:20:21.200Z",
    "userAgent": "Mozilla/5.0 (Windows NT 10.0; Win64; x64) AppleWebKit/537.36 (KHTML, like Gecko) Trae/1.100.3 Chrome/132.0.6834.210 Electron/34.5.1 Safari/537.36"
  },
  {
    "id": "1761125048878-71vsbq0h3",
    "pageUrl": "/",
    "pageTitle": "Discover Chengdu with a Local Guide",
    "referrer": "",
    "sessionId": "session_1761125048704_48nihrnjp",
    "timestamp": "2025-10-22T09:24:08.878Z",
    "userAgent": "Mozilla/5.0 (Windows NT 10.0; Win64; x64) AppleWebKit/537.36 (KHTML, like Gecko) Chrome/141.0.0.0 Safari/537.36"
  },
  {
    "id": "1761125051914-qre7wpypc",
    "pageUrl": "/blog",
    "pageTitle": "旅行博客",
    "referrer": "",
    "sessionId": "session_1761125048704_48nihrnjp",
    "timestamp": "2025-10-22T09:24:11.914Z",
    "userAgent": "Mozilla/5.0 (Windows NT 10.0; Win64; x64) AppleWebKit/537.36 (KHTML, like Gecko) Chrome/141.0.0.0 Safari/537.36"
  },
  {
    "id": "1761125171426-9t6dupqbg",
    "pageUrl": "/blog/1760603150491",
    "pageTitle": "blog.detail.title - 成都漆器：古老工艺的现代传承",
    "referrer": "",
    "sessionId": "session_1761125048704_48nihrnjp",
    "timestamp": "2025-10-22T09:26:11.426Z",
    "userAgent": "Mozilla/5.0 (Windows NT 10.0; Win64; x64) AppleWebKit/537.36 (KHTML, like Gecko) Chrome/141.0.0.0 Safari/537.36"
  },
  {
    "id": "1761125194676-sqfk0g2it",
    "pageUrl": "/videos",
    "pageTitle": "视频展示",
    "referrer": "",
    "sessionId": "session_1761125048704_48nihrnjp",
    "timestamp": "2025-10-22T09:26:34.676Z",
    "userAgent": "Mozilla/5.0 (Windows NT 10.0; Win64; x64) AppleWebKit/537.36 (KHTML, like Gecko) Chrome/141.0.0.0 Safari/537.36"
  },
  {
    "id": "1761125201644-bzbp5nsv4",
    "pageUrl": "/contact",
    "pageTitle": "contact.hero.title",
    "referrer": "",
    "sessionId": "session_1761125048704_48nihrnjp",
    "timestamp": "2025-10-22T09:26:41.644Z",
    "userAgent": "Mozilla/5.0 (Windows NT 10.0; Win64; x64) AppleWebKit/537.36 (KHTML, like Gecko) Chrome/141.0.0.0 Safari/537.36"
  },
  {
    "id": "1761125212223-zm2b6t8jn",
    "pageUrl": "/services",
    "pageTitle": "Professional Tourism Services",
    "referrer": "",
    "sessionId": "session_1761125048704_48nihrnjp",
    "timestamp": "2025-10-22T09:26:52.223Z",
    "userAgent": "Mozilla/5.0 (Windows NT 10.0; Win64; x64) AppleWebKit/537.36 (KHTML, like Gecko) Chrome/141.0.0.0 Safari/537.36"
  },
  {
    "id": "1761125546260-tsjbh484c",
    "pageUrl": "/",
    "pageTitle": "Discover Chengdu with a Local Guide",
    "referrer": "",
    "sessionId": "session_1761125048704_48nihrnjp",
    "timestamp": "2025-10-22T09:32:26.260Z",
    "userAgent": "Mozilla/5.0 (Windows NT 10.0; Win64; x64) AppleWebKit/537.36 (KHTML, like Gecko) Chrome/141.0.0.0 Safari/537.36"
  },
  {
    "id": "1761125644138-6irkmr4rf",
    "pageUrl": "/",
    "pageTitle": "探索成都，发现美好",
    "referrer": "",
    "sessionId": "session_1761111800950_x2w1ec5vu",
    "timestamp": "2025-10-22T09:34:04.138Z",
    "userAgent": "Mozilla/5.0 (Windows NT 10.0; Win64; x64) AppleWebKit/537.36 (KHTML, like Gecko) Trae/1.100.3 Chrome/132.0.6834.210 Electron/34.5.1 Safari/537.36"
  },
  {
    "id": "1761126239738-2nt74hnq8",
    "pageUrl": "/",
    "pageTitle": "探索成都，发现美好",
    "referrer": "http://localhost:3000/?ide_webview_request_time=1761125643394",
    "sessionId": "session_1761111800950_x2w1ec5vu",
    "timestamp": "2025-10-22T09:43:59.738Z",
    "userAgent": "Mozilla/5.0 (Windows NT 10.0; Win64; x64) AppleWebKit/537.36 (KHTML, like Gecko) Trae/1.100.3 Chrome/132.0.6834.210 Electron/34.5.1 Safari/537.36"
  }
]