[
  {
    "id": "travel-guide",
    "name": "旅游攻略",
    "description": "旅游目的地攻略和行程规划",
    "color": "#3B82F6",
    "icon": "map",
    "createdAt": "2024-01-01T00:00:00Z",
    "updatedAt": "2024-01-01T00:00:00Z"
  },
  {
    "id": "food-recommendation",
    "name": "美食推荐",
    "description": "当地特色美食和餐厅推荐",
    "color": "#EF4444",
    "icon": "utensils",
    "createdAt": "2024-01-01T00:00:00Z",
    "updatedAt": "2024-01-01T00:00:00Z"
  },
  {
    "id": "accommodation",
    "name": "住宿体验",
    "description": "酒店、民宿等住宿体验分享",
    "color": "#10B981",
    "icon": "bed",
    "createdAt": "2024-01-01T00:00:00Z",
    "updatedAt": "2024-01-01T00:00:00Z"
  },
  {
    "id": "transportation",
    "name": "交通指南",
    "description": "交通方式和出行建议",
    "color": "#F59E0B",
    "icon": "car",
    "createdAt": "2024-01-01T00:00:00Z",
    "updatedAt": "2024-01-01T00:00:00Z"
  },
  {
    "id": "culture",
    "name": "文化体验",
    "description": "当地文化和历史体验",
    "color": "#8B5CF6",
    "icon": "landmark",
    "createdAt": "2024-01-01T00:00:00Z",
    "updatedAt": "2024-01-01T00:00:00Z"
  },
  {
    "id": "photography",
    "name": "摄影技巧",
    "description": "旅行摄影技巧和作品分享",
    "color": "#EC4899",
    "icon": "camera",
    "createdAt": "2024-01-01T00:00:00Z",
    "updatedAt": "2024-01-01T00:00:00Z"
  },
  {
    "id": "budget",
    "name": "预算规划",
    "description": "旅行预算和省钱攻略",
    "color": "#06B6D4",
    "icon": "dollar-sign",
    "createdAt": "2024-01-01T00:00:00Z",
    "updatedAt": "2024-01-01T00:00:00Z"
  },
  {
    "id": "safety",
    "name": "安全提示",
    "description": "旅行安全注意事项",
    "color": "#DC2626",
    "icon": "shield",
    "createdAt": "2024-01-01T00:00:00Z",
    "updatedAt": "2024-01-01T00:00:00Z"
  },
  {
    "id": "announcement",
    "name": "公告",
    "description": "系统公告和重要通知",
    "color": "#6B7280",
    "icon": "megaphone",
    "createdAt": "2024-01-01T00:00:00Z",
    "updatedAt": "2024-01-01T00:00:00Z"
  }
]