[
  {
    "id": "1761275406824-o069mir7z",
    "pageUrl": "/blog",
    "pageTitle": "Travel Blog",
    "referrer": "",
    "sessionId": "session_1761200662136_brl77n15a",
    "timestamp": "2025-10-24T03:10:06.824Z",
    "userAgent": "Mozilla/5.0 (Windows NT 10.0; Win64; x64) AppleWebKit/537.36 (KHTML, like Gecko) Chrome/141.0.0.0 Safari/537.36 Edg/141.0.0.0"
  },
  {
    "id": "1761275429761-dcsru0jfi",
    "pageUrl": "/videos",
    "pageTitle": "视频展示",
    "referrer": "",
    "sessionId": "session_1761200646531_rqzbkx3yq",
    "timestamp": "2025-10-24T03:10:29.761Z",
    "userAgent": "Mozilla/5.0 (Windows NT 10.0; Win64; x64) AppleWebKit/537.36 (KHTML, like Gecko) Trae/1.100.3 Chrome/132.0.6834.210 Electron/34.5.1 Safari/537.36"
  },
  {
    "id": "1761277013720-h8fc96he4",
    "pageUrl": "/videos",
    "pageTitle": "视频展示",
    "referrer": "",
    "sessionId": "session_1761200646531_rqzbkx3yq",
    "timestamp": "2025-10-24T03:36:53.720Z",
    "userAgent": "Mozilla/5.0 (Windows NT 10.0; Win64; x64) AppleWebKit/537.36 (KHTML, like Gecko) Trae/1.100.3 Chrome/132.0.6834.210 Electron/34.5.1 Safari/537.36"
  },
  {
    "id": "1761277016347-0bo6q1gma",
    "pageUrl": "/blog",
    "pageTitle": "旅行博客",
    "referrer": "",
    "sessionId": "session_1761200646531_rqzbkx3yq",
    "timestamp": "2025-10-24T03:36:56.347Z",
    "userAgent": "Mozilla/5.0 (Windows NT 10.0; Win64; x64) AppleWebKit/537.36 (KHTML, like Gecko) Trae/1.100.3 Chrome/132.0.6834.210 Electron/34.5.1 Safari/537.36"
  },
  {
    "id": "1761278027047-7ugrh3k4y",
    "pageUrl": "/blog",
    "pageTitle": "旅行博客",
    "referrer": "",
    "sessionId": "session_1761200646531_rqzbkx3yq",
    "timestamp": "2025-10-24T03:53:47.047Z",
    "userAgent": "Mozilla/5.0 (Windows NT 10.0; Win64; x64) AppleWebKit/537.36 (KHTML, like Gecko) Trae/1.100.3 Chrome/132.0.6834.210 Electron/34.5.1 Safari/537.36"
  },
  {
    "id": "1761278031983-0w5h09hr4",
    "pageUrl": "/videos",
    "pageTitle": "视频展示",
    "referrer": "",
    "sessionId": "session_1761200646531_rqzbkx3yq",
    "timestamp": "2025-10-24T03:53:51.983Z",
    "userAgent": "Mozilla/5.0 (Windows NT 10.0; Win64; x64) AppleWebKit/537.36 (KHTML, like Gecko) Trae/1.100.3 Chrome/132.0.6834.210 Electron/34.5.1 Safari/537.36"
  },
  {
    "id": "1761319203990-p368pdy1h",
    "pageUrl": "/",
    "pageTitle": "Discover Chengdu with a Local Guide",
    "referrer": "",
    "sessionId": "session_1761319203536_kpqwf8gkb",
    "timestamp": "2025-10-24T15:20:03.990Z",
    "userAgent": "Mozilla/5.0 (Windows NT 10.0; Win64; x64) AppleWebKit/537.36 (KHTML, like Gecko) Chrome/141.0.0.0 Safari/537.36 Edg/141.0.0.0"
  },
  {
    "id": "1761319203396-ygpf4eu7j",
    "pageUrl": "/",
    "pageTitle": "探索成都，发现美好",
    "referrer": "",
    "sessionId": "session_1761319202968_ivpphu3jq",
    "timestamp": "2025-10-24T15:20:03.396Z",
    "userAgent": "Mozilla/5.0 (Windows NT 10.0; Win64; x64) AppleWebKit/537.36 (KHTML, like Gecko) Trae/1.100.3 Chrome/132.0.6834.210 Electron/34.5.1 Safari/537.36"
  },
  {
    "id": "1761319205093-y8o8bmmb8",
    "pageUrl": "/blog",
    "pageTitle": "旅行博客",
    "referrer": "",
    "sessionId": "session_1761319202968_ivpphu3jq",
    "timestamp": "2025-10-24T15:20:05.093Z",
    "userAgent": "Mozilla/5.0 (Windows NT 10.0; Win64; x64) AppleWebKit/537.36 (KHTML, like Gecko) Trae/1.100.3 Chrome/132.0.6834.210 Electron/34.5.1 Safari/537.36"
  },
  {
    "id": "1761319208618-nhb7lfsrk",
    "pageUrl": "/videos",
    "pageTitle": "视频展示",
    "referrer": "",
    "sessionId": "session_1761319202968_ivpphu3jq",
    "timestamp": "2025-10-24T15:20:08.618Z",
    "userAgent": "Mozilla/5.0 (Windows NT 10.0; Win64; x64) AppleWebKit/537.36 (KHTML, like Gecko) Trae/1.100.3 Chrome/132.0.6834.210 Electron/34.5.1 Safari/537.36"
  },
  {
    "id": "1761319722074-1x54pt2ok",
    "pageUrl": "/",
    "pageTitle": "探索成都，发现美好",
    "referrer": "",
    "sessionId": "session_1761319202968_ivpphu3jq",
    "timestamp": "2025-10-24T15:28:42.074Z",
    "userAgent": "Mozilla/5.0 (Windows NT 10.0; Win64; x64) AppleWebKit/537.36 (KHTML, like Gecko) Trae/1.100.3 Chrome/132.0.6834.210 Electron/34.5.1 Safari/537.36"
  },
  {
    "id": "1761319764722-bvq8ps7of",
    "pageUrl": "/",
    "pageTitle": "探索成都，发现美好",
    "referrer": "",
    "sessionId": "session_1761319202968_ivpphu3jq",
    "timestamp": "2025-10-24T15:29:24.722Z",
    "userAgent": "Mozilla/5.0 (Windows NT 10.0; Win64; x64) AppleWebKit/537.36 (KHTML, like Gecko) Trae/1.100.3 Chrome/132.0.6834.210 Electron/34.5.1 Safari/537.36"
  },
  {
    "id": "1761319767490-7oybr20we",
    "pageUrl": "/videos",
    "pageTitle": "视频展示",
    "referrer": "",
    "sessionId": "session_1761319202968_ivpphu3jq",
    "timestamp": "2025-10-24T15:29:27.490Z",
    "userAgent": "Mozilla/5.0 (Windows NT 10.0; Win64; x64) AppleWebKit/537.36 (KHTML, like Gecko) Trae/1.100.3 Chrome/132.0.6834.210 Electron/34.5.1 Safari/537.36"
  },
  {
    "id": "1761319770366-5ag6hytlq",
    "pageUrl": "/blog",
    "pageTitle": "旅行博客",
    "referrer": "",
    "sessionId": "session_1761319202968_ivpphu3jq",
    "timestamp": "2025-10-24T15:29:30.366Z",
    "userAgent": "Mozilla/5.0 (Windows NT 10.0; Win64; x64) AppleWebKit/537.36 (KHTML, like Gecko) Trae/1.100.3 Chrome/132.0.6834.210 Electron/34.5.1 Safari/537.36"
  },
  {
    "id": "1761319919033-lqktpbjef",
    "pageUrl": "/blog",
    "pageTitle": "旅行博客",
    "referrer": "http://localhost:3000/blog",
    "sessionId": "session_1761319202968_ivpphu3jq",
    "timestamp": "2025-10-24T15:31:59.033Z",
    "userAgent": "Mozilla/5.0 (Windows NT 10.0; Win64; x64) AppleWebKit/537.36 (KHTML, like Gecko) Trae/1.100.3 Chrome/132.0.6834.210 Electron/34.5.1 Safari/537.36"
  },
  {
    "id": "1761320082846-7p4evjm4x",
    "pageUrl": "/",
    "pageTitle": "Discover Chengdu with a Local Guide",
    "referrer": "",
    "sessionId": "session_1761319203536_kpqwf8gkb",
    "timestamp": "2025-10-24T15:34:42.846Z",
    "userAgent": "Mozilla/5.0 (Windows NT 10.0; Win64; x64) AppleWebKit/537.36 (KHTML, like Gecko) Chrome/141.0.0.0 Safari/537.36 Edg/141.0.0.0"
  },
  {
    "id": "1761321790886-01lp1glrz",
    "pageUrl": "/",
    "pageTitle": "探索成都，发现美好",
    "referrer": "",
    "sessionId": "session_1761321790575_g2g8jok1q",
    "timestamp": "2025-10-24T16:03:10.887Z",
    "userAgent": "Mozilla/5.0 (Windows NT 10.0; Win64; x64) AppleWebKit/537.36 (KHTML, like Gecko) Chrome/141.0.0.0 Safari/537.36 Edg/141.0.0.0"
  },
  {
    "id": "1761321794173-ptxas7hok",
    "pageUrl": "/blog",
    "pageTitle": "旅行博客",
    "referrer": "",
    "sessionId": "session_1761321790575_g2g8jok1q",
    "timestamp": "2025-10-24T16:03:14.173Z",
    "userAgent": "Mozilla/5.0 (Windows NT 10.0; Win64; x64) AppleWebKit/537.36 (KHTML, like Gecko) Chrome/141.0.0.0 Safari/537.36 Edg/141.0.0.0"
  },
  {
    "id": "1761321796475-kldvwca77",
    "pageUrl": "/",
    "pageTitle": "Discover Chengdu with a Local Guide",
    "referrer": "",
    "sessionId": "session_1761319203536_kpqwf8gkb",
    "timestamp": "2025-10-24T16:03:16.475Z",
    "userAgent": "Mozilla/5.0 (Windows NT 10.0; Win64; x64) AppleWebKit/537.36 (KHTML, like Gecko) Chrome/141.0.0.0 Safari/537.36 Edg/141.0.0.0"
  },
  {
    "id": "1761347667593-bhbdi8bmh",
    "pageUrl": "/blog",
    "pageTitle": "旅行博客",
    "referrer": "http://localhost:3000/blog",
    "sessionId": "session_1761319202968_ivpphu3jq",
    "timestamp": "2025-10-24T23:14:27.593Z",
    "userAgent": "Mozilla/5.0 (Windows NT 10.0; Win64; x64) AppleWebKit/537.36 (KHTML, like Gecko) Trae/1.100.3 Chrome/132.0.6834.210 Electron/34.5.1 Safari/537.36"
  },
  {
    "id": "1761348681546-m3zwxmddw",
    "pageUrl": "/blog",
    "pageTitle": "旅行博客",
    "referrer": "http://localhost:3000/blog",
    "sessionId": "session_1761319202968_ivpphu3jq",
    "timestamp": "2025-10-24T23:31:21.546Z",
    "userAgent": "Mozilla/5.0 (Windows NT 10.0; Win64; x64) AppleWebKit/537.36 (KHTML, like Gecko) Trae/1.100.3 Chrome/132.0.6834.210 Electron/34.5.1 Safari/537.36"
  }
]