[
  {
    "id": "1761442265048-tqdutv20v",
    "pageUrl": "/blog",
    "pageTitle": "旅行博客",
    "referrer": "http://localhost:3000/blog",
    "sessionId": "session_1761442264506_rpb8h6s0e",
    "timestamp": "2025-10-26T01:31:05.048Z",
    "userAgent": "Mozilla/5.0 (Windows NT 10.0; Win64; x64) AppleWebKit/537.36 (KHTML, like Gecko) Trae/1.100.3 Chrome/132.0.6834.210 Electron/34.5.1 Safari/537.36"
  },
  {
    "id": "1761444453800-0sdma1inr",
    "pageUrl": "/",
    "pageTitle": "探索成都，发现美好",
    "referrer": "",
    "sessionId": "session_1761442264506_rpb8h6s0e",
    "timestamp": "2025-10-26T02:07:33.800Z",
    "userAgent": "Mozilla/5.0 (Windows NT 10.0; Win64; x64) AppleWebKit/537.36 (KHTML, like Gecko) Trae/1.100.3 Chrome/132.0.6834.210 Electron/34.5.1 Safari/537.36"
  }
]