[
  {
    "id": "1761182429215-h4yog41mc",
    "pageUrl": "/",
    "pageTitle": "探索成都，发现美好",
    "referrer": "http://localhost:3000/?ide_webview_request_time=1761125643394",
    "sessionId": "session_1761111800950_x2w1ec5vu",
    "timestamp": "2025-10-23T01:20:29.215Z",
    "userAgent": "Mozilla/5.0 (Windows NT 10.0; Win64; x64) AppleWebKit/537.36 (KHTML, like Gecko) Trae/1.100.3 Chrome/132.0.6834.210 Electron/34.5.1 Safari/537.36"
  },
  {
    "id": "1761182585059-62f1yuro1",
    "pageUrl": "/",
    "pageTitle": "Discover Chengdu with a Local Guide",
    "referrer": "http://localhost:3000/",
    "sessionId": "session_1761125048704_48nihrnjp",
    "timestamp": "2025-10-23T01:23:05.059Z",
    "userAgent": "Mozilla/5.0 (Windows NT 10.0; Win64; x64) AppleWebKit/537.36 (KHTML, like Gecko) Chrome/141.0.0.0 Safari/537.36"
  },
  {
    "id": "1761183342646-k87neema6",
    "pageUrl": "/blog",
    "pageTitle": "Travel Blog",
    "referrer": "http://localhost:3000/",
    "sessionId": "session_1761125048704_48nihrnjp",
    "timestamp": "2025-10-23T01:35:42.646Z",
    "userAgent": "Mozilla/5.0 (Windows NT 10.0; Win64; x64) AppleWebKit/537.36 (KHTML, like Gecko) Chrome/141.0.0.0 Safari/537.36"
  },
  {
    "id": "1761184434753-9l6xf052m",
    "pageUrl": "/videos",
    "pageTitle": "视频展示",
    "referrer": "http://localhost:3000/",
    "sessionId": "session_1761125048704_48nihrnjp",
    "timestamp": "2025-10-23T01:53:54.753Z",
    "userAgent": "Mozilla/5.0 (Windows NT 10.0; Win64; x64) AppleWebKit/537.36 (KHTML, like Gecko) Chrome/141.0.0.0 Safari/537.36"
  },
  {
    "id": "1761184439887-md6w20b11",
    "pageUrl": "/blog",
    "pageTitle": "旅行博客",
    "referrer": "http://localhost:3000/",
    "sessionId": "session_1761125048704_48nihrnjp",
    "timestamp": "2025-10-23T01:53:59.887Z",
    "userAgent": "Mozilla/5.0 (Windows NT 10.0; Win64; x64) AppleWebKit/537.36 (KHTML, like Gecko) Chrome/141.0.0.0 Safari/537.36"
  },
  {
    "id": "1761184594113-g0pn7da1v",
    "pageUrl": "/blog/1760603150487",
    "pageTitle": "blog.detail.title - 成都小吃攻略：从火锅到串串香的美食之旅",
    "referrer": "http://localhost:3000/",
    "sessionId": "session_1761125048704_48nihrnjp",
    "timestamp": "2025-10-23T01:56:34.113Z",
    "userAgent": "Mozilla/5.0 (Windows NT 10.0; Win64; x64) AppleWebKit/537.36 (KHTML, like Gecko) Chrome/141.0.0.0 Safari/537.36"
  },
  {
    "id": "1761184600569-ddx4fi0p9",
    "pageUrl": "/about",
    "pageTitle": "您的成都文化专家",
    "referrer": "http://localhost:3000/",
    "sessionId": "session_1761125048704_48nihrnjp",
    "timestamp": "2025-10-23T01:56:40.569Z",
    "userAgent": "Mozilla/5.0 (Windows NT 10.0; Win64; x64) AppleWebKit/537.36 (KHTML, like Gecko) Chrome/141.0.0.0 Safari/537.36"
  },
  {
    "id": "1761185022772-qi2nmz8o5",
    "pageUrl": "/about",
    "pageTitle": "Your Chengdu Cultural Expert",
    "referrer": "http://localhost:3000/",
    "sessionId": "session_1761125048704_48nihrnjp",
    "timestamp": "2025-10-23T02:03:42.772Z",
    "userAgent": "Mozilla/5.0 (Windows NT 10.0; Win64; x64) AppleWebKit/537.36 (KHTML, like Gecko) Chrome/141.0.0.0 Safari/537.36"
  },
  {
    "id": "1761187171286-lbbrwxy26",
    "pageUrl": "/about",
    "pageTitle": "您的成都文化专家",
    "referrer": "http://localhost:3000/",
    "sessionId": "session_1761125048704_48nihrnjp",
    "timestamp": "2025-10-23T02:39:31.286Z",
    "userAgent": "Mozilla/5.0 (Windows NT 10.0; Win64; x64) AppleWebKit/537.36 (KHTML, like Gecko) Chrome/141.0.0.0 Safari/537.36"
  },
  {
    "id": "1761187184188-lzbplht68",
    "pageUrl": "/",
    "pageTitle": "探索成都，发现美好",
    "referrer": "",
    "sessionId": "session_1761111800950_x2w1ec5vu",
    "timestamp": "2025-10-23T02:39:44.188Z",
    "userAgent": "Mozilla/5.0 (Windows NT 10.0; Win64; x64) AppleWebKit/537.36 (KHTML, like Gecko) Trae/1.100.3 Chrome/132.0.6834.210 Electron/34.5.1 Safari/537.36"
  },
  {
    "id": "1761187438598-224gmwjcx",
    "pageUrl": "/about",
    "pageTitle": "您的成都文化专家",
    "referrer": "",
    "sessionId": "session_1761111800950_x2w1ec5vu",
    "timestamp": "2025-10-23T02:43:58.598Z",
    "userAgent": "Mozilla/5.0 (Windows NT 10.0; Win64; x64) AppleWebKit/537.36 (KHTML, like Gecko) Trae/1.100.3 Chrome/132.0.6834.210 Electron/34.5.1 Safari/537.36"
  },
  {
    "id": "1761189581584-gts5setrd",
    "pageUrl": "/about",
    "pageTitle": "您的成都文化专家",
    "referrer": "http://localhost:3000/",
    "sessionId": "session_1761125048704_48nihrnjp",
    "timestamp": "2025-10-23T03:19:41.584Z",
    "userAgent": "Mozilla/5.0 (Windows NT 10.0; Win64; x64) AppleWebKit/537.36 (KHTML, like Gecko) Chrome/141.0.0.0 Safari/537.36"
  },
  {
    "id": "1761189810272-tvghmaxyf",
    "pageUrl": "/about",
    "pageTitle": "您的成都文化专家",
    "referrer": "http://localhost:3000/",
    "sessionId": "session_1761125048704_48nihrnjp",
    "timestamp": "2025-10-23T03:23:30.272Z",
    "userAgent": "Mozilla/5.0 (Windows NT 10.0; Win64; x64) AppleWebKit/537.36 (KHTML, like Gecko) Chrome/141.0.0.0 Safari/537.36"
  },
  {
    "id": "1761189870171-ob4gvvpk0",
    "pageUrl": "/blog",
    "pageTitle": "旅行博客",
    "referrer": "http://localhost:3000/",
    "sessionId": "session_1761125048704_48nihrnjp",
    "timestamp": "2025-10-23T03:24:30.171Z",
    "userAgent": "Mozilla/5.0 (Windows NT 10.0; Win64; x64) AppleWebKit/537.36 (KHTML, like Gecko) Chrome/141.0.0.0 Safari/537.36"
  },
  {
    "id": "1761190370052-9eks71htq",
    "pageUrl": "/contact",
    "pageTitle": "contact.hero.title",
    "referrer": "http://localhost:3000/",
    "sessionId": "session_1761125048704_48nihrnjp",
    "timestamp": "2025-10-23T03:32:50.052Z",
    "userAgent": "Mozilla/5.0 (Windows NT 10.0; Win64; x64) AppleWebKit/537.36 (KHTML, like Gecko) Chrome/141.0.0.0 Safari/537.36"
  },
  {
    "id": "1761195246315-43bm3hrqj",
    "pageUrl": "/contact",
    "pageTitle": "contact.hero.title",
    "referrer": "http://localhost:3000/",
    "sessionId": "session_1761125048704_48nihrnjp",
    "timestamp": "2025-10-23T04:54:06.315Z",
    "userAgent": "Mozilla/5.0 (Windows NT 10.0; Win64; x64) AppleWebKit/537.36 (KHTML, like Gecko) Chrome/141.0.0.0 Safari/537.36"
  },
  {
    "id": "1761196020309-m9915uns5",
    "pageUrl": "/contact",
    "pageTitle": "contact.hero.title",
    "referrer": "http://localhost:3000/",
    "sessionId": "session_1761125048704_48nihrnjp",
    "timestamp": "2025-10-23T05:07:00.309Z",
    "userAgent": "Mozilla/5.0 (Windows NT 10.0; Win64; x64) AppleWebKit/537.36 (KHTML, like Gecko) Chrome/141.0.0.0 Safari/537.36"
  },
  {
    "id": "1761200646914-37cwkvvkn",
    "pageUrl": "/",
    "pageTitle": "探索成都，发现美好",
    "referrer": "",
    "sessionId": "session_1761200646531_rqzbkx3yq",
    "timestamp": "2025-10-23T06:24:06.914Z",
    "userAgent": "Mozilla/5.0 (Windows NT 10.0; Win64; x64) AppleWebKit/537.36 (KHTML, like Gecko) Trae/1.100.3 Chrome/132.0.6834.210 Electron/34.5.1 Safari/537.36"
  },
  {
    "id": "1761200662267-df87l4hnj",
    "pageUrl": "/blog",
    "pageTitle": "旅行博客",
    "referrer": "",
    "sessionId": "session_1761200662136_brl77n15a",
    "timestamp": "2025-10-23T06:24:22.267Z",
    "userAgent": "Mozilla/5.0 (Windows NT 10.0; Win64; x64) AppleWebKit/537.36 (KHTML, like Gecko) Chrome/141.0.0.0 Safari/537.36 Edg/141.0.0.0"
  },
  {
    "id": "1761200761444-tsjgv481f",
    "pageUrl": "/blog",
    "pageTitle": "旅行博客",
    "referrer": "",
    "sessionId": "session_1761200662136_brl77n15a",
    "timestamp": "2025-10-23T06:26:01.444Z",
    "userAgent": "Mozilla/5.0 (Windows NT 10.0; Win64; x64) AppleWebKit/537.36 (KHTML, like Gecko) Chrome/141.0.0.0 Safari/537.36 Edg/141.0.0.0"
  },
  {
    "id": "1761200822884-gydc4ofg4",
    "pageUrl": "/blog",
    "pageTitle": "旅行博客",
    "referrer": "",
    "sessionId": "session_1761200646531_rqzbkx3yq",
    "timestamp": "2025-10-23T06:27:02.884Z",
    "userAgent": "Mozilla/5.0 (Windows NT 10.0; Win64; x64) AppleWebKit/537.36 (KHTML, like Gecko) Trae/1.100.3 Chrome/132.0.6834.210 Electron/34.5.1 Safari/537.36"
  },
  {
    "id": "1761220672189-i5eoai8gr",
    "pageUrl": "/",
    "pageTitle": "探索成都，发现美好",
    "referrer": "",
    "sessionId": "session_1761200646531_rqzbkx3yq",
    "timestamp": "2025-10-23T11:57:52.189Z",
    "userAgent": "Mozilla/5.0 (Windows NT 10.0; Win64; x64) AppleWebKit/537.36 (KHTML, like Gecko) Trae/1.100.3 Chrome/132.0.6834.210 Electron/34.5.1 Safari/537.36"
  },
  {
    "id": "1761220675796-txiymwh81",
    "pageUrl": "/blog",
    "pageTitle": "旅行博客",
    "referrer": "",
    "sessionId": "session_1761200646531_rqzbkx3yq",
    "timestamp": "2025-10-23T11:57:55.796Z",
    "userAgent": "Mozilla/5.0 (Windows NT 10.0; Win64; x64) AppleWebKit/537.36 (KHTML, like Gecko) Trae/1.100.3 Chrome/132.0.6834.210 Electron/34.5.1 Safari/537.36"
  },
  {
    "id": "1761221688240-qppkjpgu6",
    "pageUrl": "/blog",
    "pageTitle": "旅行博客",
    "referrer": "",
    "sessionId": "session_1761200662136_brl77n15a",
    "timestamp": "2025-10-23T12:14:48.240Z",
    "userAgent": "Mozilla/5.0 (Windows NT 10.0; Win64; x64) AppleWebKit/537.36 (KHTML, like Gecko) Chrome/141.0.0.0 Safari/537.36 Edg/141.0.0.0"
  },
  {
    "id": "1761221691425-e9r5rh6xh",
    "pageUrl": "/blog/1760603150491",
    "pageTitle": "blog.detail.title - 成都漆器：古老工艺的现代传承",
    "referrer": "",
    "sessionId": "session_1761200662136_brl77n15a",
    "timestamp": "2025-10-23T12:14:51.425Z",
    "userAgent": "Mozilla/5.0 (Windows NT 10.0; Win64; x64) AppleWebKit/537.36 (KHTML, like Gecko) Chrome/141.0.0.0 Safari/537.36 Edg/141.0.0.0"
  },
  {
    "id": "1761221700912-mx2und845",
    "pageUrl": "/videos",
    "pageTitle": "视频展示",
    "referrer": "",
    "sessionId": "session_1761200662136_brl77n15a",
    "timestamp": "2025-10-23T12:15:00.912Z",
    "userAgent": "Mozilla/5.0 (Windows NT 10.0; Win64; x64) AppleWebKit/537.36 (KHTML, like Gecko) Chrome/141.0.0.0 Safari/537.36 Edg/141.0.0.0"
  },
  {
    "id": "1761221962061-6zk4xoipa",
    "pageUrl": "/contact",
    "pageTitle": "contact.hero.title",
    "referrer": "http://localhost:3000/",
    "sessionId": "session_1761221961810_paneax67b",
    "timestamp": "2025-10-23T12:19:22.061Z",
    "userAgent": "Mozilla/5.0 (Windows NT 10.0; Win64; x64) AppleWebKit/537.36 (KHTML, like Gecko) Chrome/141.0.0.0 Safari/537.36"
  },
  {
    "id": "1761222194863-p8n2cpc2n",
    "pageUrl": "/blog",
    "pageTitle": "Travel Blog",
    "referrer": "http://localhost:3000/",
    "sessionId": "session_1761221961810_paneax67b",
    "timestamp": "2025-10-23T12:23:14.863Z",
    "userAgent": "Mozilla/5.0 (Windows NT 10.0; Win64; x64) AppleWebKit/537.36 (KHTML, like Gecko) Chrome/141.0.0.0 Safari/537.36"
  },
  {
    "id": "1761222231796-9avc319up",
    "pageUrl": "/blog",
    "pageTitle": "旅行博客",
    "referrer": "",
    "sessionId": "session_1761200646531_rqzbkx3yq",
    "timestamp": "2025-10-23T12:23:51.796Z",
    "userAgent": "Mozilla/5.0 (Windows NT 10.0; Win64; x64) AppleWebKit/537.36 (KHTML, like Gecko) Trae/1.100.3 Chrome/132.0.6834.210 Electron/34.5.1 Safari/537.36"
  },
  {
    "id": "1761223246410-i207dst5x",
    "pageUrl": "/blog",
    "pageTitle": "Travel Blog",
    "referrer": "",
    "sessionId": "session_1761200646531_rqzbkx3yq",
    "timestamp": "2025-10-23T12:40:46.410Z",
    "userAgent": "Mozilla/5.0 (Windows NT 10.0; Win64; x64) AppleWebKit/537.36 (KHTML, like Gecko) Trae/1.100.3 Chrome/132.0.6834.210 Electron/34.5.1 Safari/537.36"
  },
  {
    "id": "1761223291021-c2j61uwzr",
    "pageUrl": "/videos",
    "pageTitle": "视频展示",
    "referrer": "",
    "sessionId": "session_1761200646531_rqzbkx3yq",
    "timestamp": "2025-10-23T12:41:31.022Z",
    "userAgent": "Mozilla/5.0 (Windows NT 10.0; Win64; x64) AppleWebKit/537.36 (KHTML, like Gecko) Trae/1.100.3 Chrome/132.0.6834.210 Electron/34.5.1 Safari/537.36"
  }
]