[
  {
    "id": "1761376487803-ugjdno2wz",
    "pageUrl": "/blog",
    "pageTitle": "旅行博客",
    "referrer": "http://localhost:3000/blog",
    "sessionId": "session_1761319202968_ivpphu3jq",
    "timestamp": "2025-10-25T07:14:47.803Z",
    "userAgent": "Mozilla/5.0 (Windows NT 10.0; Win64; x64) AppleWebKit/537.36 (KHTML, like Gecko) Trae/1.100.3 Chrome/132.0.6834.210 Electron/34.5.1 Safari/537.36"
  },
  {
    "id": "1761377110035-1wqo5ha10",
    "pageUrl": "/",
    "pageTitle": "Discover Chengdu with a Local Guide",
    "referrer": "",
    "sessionId": "session_1761319203536_kpqwf8gkb",
    "timestamp": "2025-10-25T07:25:10.035Z",
    "userAgent": "Mozilla/5.0 (Windows NT 10.0; Win64; x64) AppleWebKit/537.36 (KHTML, like Gecko) Chrome/141.0.0.0 Safari/537.36 Edg/141.0.0.0"
  },
  {
    "id": "1761377157152-xy4252nd5",
    "pageUrl": "/blog",
    "pageTitle": "旅行博客",
    "referrer": "",
    "sessionId": "session_1761319202968_ivpphu3jq",
    "timestamp": "2025-10-25T07:25:57.152Z",
    "userAgent": "Mozilla/5.0 (Windows NT 10.0; Win64; x64) AppleWebKit/537.36 (KHTML, like Gecko) Trae/1.100.3 Chrome/132.0.6834.210 Electron/34.5.1 Safari/537.36"
  },
  {
    "id": "1761377170192-vlb6pb1v1",
    "pageUrl": "/about",
    "pageTitle": "Your Chengdu Cultural Expert",
    "referrer": "",
    "sessionId": "session_1761319203536_kpqwf8gkb",
    "timestamp": "2025-10-25T07:26:10.192Z",
    "userAgent": "Mozilla/5.0 (Windows NT 10.0; Win64; x64) AppleWebKit/537.36 (KHTML, like Gecko) Chrome/141.0.0.0 Safari/537.36 Edg/141.0.0.0"
  },
  {
    "id": "1761377171420-3oh2k0p8y",
    "pageUrl": "/services",
    "pageTitle": "Professional Tourism Services",
    "referrer": "",
    "sessionId": "session_1761319203536_kpqwf8gkb",
    "timestamp": "2025-10-25T07:26:11.420Z",
    "userAgent": "Mozilla/5.0 (Windows NT 10.0; Win64; x64) AppleWebKit/537.36 (KHTML, like Gecko) Chrome/141.0.0.0 Safari/537.36 Edg/141.0.0.0"
  },
  {
    "id": "1761377173163-aahwdinsa",
    "pageUrl": "/blog",
    "pageTitle": "Travel Blog",
    "referrer": "",
    "sessionId": "session_1761319203536_kpqwf8gkb",
    "timestamp": "2025-10-25T07:26:13.163Z",
    "userAgent": "Mozilla/5.0 (Windows NT 10.0; Win64; x64) AppleWebKit/537.36 (KHTML, like Gecko) Chrome/141.0.0.0 Safari/537.36 Edg/141.0.0.0"
  },
  {
    "id": "1761377174323-rng6ndmct",
    "pageUrl": "/videos",
    "pageTitle": "Video Gallery",
    "referrer": "",
    "sessionId": "session_1761319203536_kpqwf8gkb",
    "timestamp": "2025-10-25T07:26:14.323Z",
    "userAgent": "Mozilla/5.0 (Windows NT 10.0; Win64; x64) AppleWebKit/537.36 (KHTML, like Gecko) Chrome/141.0.0.0 Safari/537.36 Edg/141.0.0.0"
  },
  {
    "id": "1761377175455-i22fw8k8g",
    "pageUrl": "/contact",
    "pageTitle": "contact.hero.title",
    "referrer": "",
    "sessionId": "session_1761319203536_kpqwf8gkb",
    "timestamp": "2025-10-25T07:26:15.455Z",
    "userAgent": "Mozilla/5.0 (Windows NT 10.0; Win64; x64) AppleWebKit/537.36 (KHTML, like Gecko) Chrome/141.0.0.0 Safari/537.36 Edg/141.0.0.0"
  },
  {
    "id": "1761377211575-3tl5io3f0",
    "pageUrl": "/blog/1760603150491",
    "pageTitle": "blog.detail.title - 成都漆器：古老工艺的现代传承",
    "referrer": "",
    "sessionId": "session_1761319203536_kpqwf8gkb",
    "timestamp": "2025-10-25T07:26:51.575Z",
    "userAgent": "Mozilla/5.0 (Windows NT 10.0; Win64; x64) AppleWebKit/537.36 (KHTML, like Gecko) Chrome/141.0.0.0 Safari/537.36 Edg/141.0.0.0"
  },
  {
    "id": "1761377234954-pumb2hg3t",
    "pageUrl": "/blog/1760603150490",
    "pageTitle": "blog.detail.title - 蜀锦蜀绣：成都丝绸文化的千年传承",
    "referrer": "",
    "sessionId": "session_1761319203536_kpqwf8gkb",
    "timestamp": "2025-10-25T07:27:14.954Z",
    "userAgent": "Mozilla/5.0 (Windows NT 10.0; Win64; x64) AppleWebKit/537.36 (KHTML, like Gecko) Chrome/141.0.0.0 Safari/537.36 Edg/141.0.0.0"
  },
  {
    "id": "1761377242661-g21u0b3s8",
    "pageUrl": "/blog/1760603150483",
    "pageTitle": "blog.detail.title - 成都三日游完美攻略：从宽窄巷子到熊猫基地",
    "referrer": "",
    "sessionId": "session_1761319203536_kpqwf8gkb",
    "timestamp": "2025-10-25T07:27:22.661Z",
    "userAgent": "Mozilla/5.0 (Windows NT 10.0; Win64; x64) AppleWebKit/537.36 (KHTML, like Gecko) Chrome/141.0.0.0 Safari/537.36 Edg/141.0.0.0"
  },
  {
    "id": "1761377691552-mjlzfmrr5",
    "pageUrl": "/services",
    "pageTitle": "专业旅游服务",
    "referrer": "",
    "sessionId": "session_1761319203536_kpqwf8gkb",
    "timestamp": "2025-10-25T07:34:51.552Z",
    "userAgent": "Mozilla/5.0 (Windows NT 10.0; Win64; x64) AppleWebKit/537.36 (KHTML, like Gecko) Chrome/141.0.0.0 Safari/537.36 Edg/141.0.0.0"
  },
  {
    "id": "1761377693245-7uuzdbhut",
    "pageUrl": "/blog",
    "pageTitle": "旅行博客",
    "referrer": "",
    "sessionId": "session_1761319203536_kpqwf8gkb",
    "timestamp": "2025-10-25T07:34:53.245Z",
    "userAgent": "Mozilla/5.0 (Windows NT 10.0; Win64; x64) AppleWebKit/537.36 (KHTML, like Gecko) Chrome/141.0.0.0 Safari/537.36 Edg/141.0.0.0"
  },
  {
    "id": "1761377694324-4vu66y2pf",
    "pageUrl": "/videos",
    "pageTitle": "视频展示",
    "referrer": "",
    "sessionId": "session_1761319203536_kpqwf8gkb",
    "timestamp": "2025-10-25T07:34:54.324Z",
    "userAgent": "Mozilla/5.0 (Windows NT 10.0; Win64; x64) AppleWebKit/537.36 (KHTML, like Gecko) Chrome/141.0.0.0 Safari/537.36 Edg/141.0.0.0"
  }
]