[
  {
    "id": "1",
    "title": "Big Buck Bunny",
    "description": "一部开源的3D动画短片，展示了兔子的冒险故事。这是一个Creative Commons许可的视频，适合作为演示内容。",
    "url": "https://www.youtube.com/watch?v=YE7VzlLtp-4",
    "platform": "youtube",
    "status": "published",
    "thumbnail": "https://trae-api-sg.mchost.guru/api/ide/v1/text_to_image?prompt=cute%20rabbit%20adventure%20animation%20movie%20poster&image_size=landscape_16_9",
    "duration": "10:34",
    "tags": ["动画", "开源", "短片", "Creative Commons"],
    "category": "娱乐",
    "createdAt": "2024-01-01T00:00:00Z",
    "updatedAt": "2024-01-01T00:00:00Z",
    "createdBy": "admin"
  },
  {
    "id": "2",
    "title": "成都旅游攻略",
    "description": "详细介绍成都的热门景点、美食推荐和旅行贴士，带你深度体验天府之国的魅力。",
    "url": "https://www.youtube.com/watch?v=example123",
    "platform": "youtube",
    "status": "published",
    "thumbnail": "https://trae-api-sg.mchost.guru/api/ide/v1/text_to_image?prompt=Chengdu%20travel%20guide%20panda%20hotpot%20traditional%20architecture&image_size=landscape_16_9",
    "duration": "15:20",
    "tags": ["成都", "旅游", "攻略", "美食", "景点"],
    "category": "旅游",
    "createdAt": "2024-01-02T10:00:00Z",
    "updatedAt": "2024-01-02T10:00:00Z",
    "createdBy": "admin"
  }
]